"email","info@womantowomanmentoring.org"
"email","info@womantowomanmentoring.org"
"phone","2015-07-27"
"phone","2024-01-29"
"phone","2015-07-27"
"phone","2024-01-29"
"phone","33.3333333333"
"phone","1752846102"
"phone","202506191923"
"phone","202204051253"
"phone","1599060214661"
"phone","1599059268024"
"phone","1605123965991"
"phone","1599060214661"
"phone","1599059268024"
"phone","1605123965991"
"phone","0066-1024"
"phone","06.30.2025"
"phone","06.02.2025"
"phone","05.12.2025"
"phone","1328112704-300"
"phone","1328112704-300"
"phone","1328112704-1024"
"phone","1328112704-150"
"phone","1328112704-768"
"phone","1328112704-189"
"phone","1328112704-85"
"phone","1328112704-75"
"phone","1328112704"
"phone","11-19-2019"
"phone","11-19-2019"
"phone","11-19-2019"
"phone","11-19-2019"
"phone","11-19-2019"
"phone","11-19-2019"
"phone","240-608-2856"
"phone","240) 608-2856"
"phone","1999999999"
"phone","1999999999"
"phone","1999999999"
"phone","1999999999"
"phone","1752846103"
"phone","202012222004"